Num_Acc,senc,catv,occutc,obs,obsm,choc,manv,num_veh
201600017712,0.0,7,0,0.0,2.0,8.0,1.0,B01
201600006704,0.0,30,0,0.0,2.0,1.0,1.0,B02
201600006349,1.0,7,0,0.0,2.0,3.0,15.0,A01
201600050679,1.0,7,0,0.0,2.0,4.0,1.0,A01
201600039887,0.0,7,0,1.0,0.0,1.0,1.0,A01
201600035323,0.0,13,0,0.0,2.0,4.0,23.0,B01
201600047001,2.0,7,0,0.0,2.0,5.0,1.0,B01
201600048173,2.0,7,0,0.0,2.0,2.0,2.0,C01
201600020895,1.0,7,0,0.0,2.0,1.0,1.0,A01
201600038073,0.0,30,0,0.0,2.0,4.0,2.0,B01
201600007438,2.0,10,0,0.0,0.0,6.0,23.0,C03
201600037828,0.0,10,0,0.0,2.0,2.0,16.0,A01
201600021780,1.0,7,0,0.0,0.0,8.0,15.0,A01
201600004649,2.0,7,0,0.0,2.0,4.0,9.0,B02
201600035291,1.0,7,0,0.0,2.0,4.0,23.0,B01
201600000886,0.0,7,0,0.0,1.0,5.0,4.0,A01
201600048812,1.0,7,0,0.0,2.0,5.0,2.0,B01
201600002564,1.0,7,0,0.0,2.0,1.0,1.0,A01
201600008721,1.0,33,0,0.0,2.0,1.0,17.0,D04
201600030488,1.0,7,0,0.0,2.0,8.0,9.0,A01
201600039623,2.0,7,0,0.0,2.0,4.0,2.0,C01
201600020431,2.0,7,0,0.0,9.0,6.0,0.0,A01
201600031669,0.0,7,0,0.0,2.0,2.0,15.0,A01
201600017449,2.0,10,0,0.0,2.0,3.0,17.0,A01
201600007158,1.0,33,0,0.0,2.0,1.0,1.0,B02
201600023988,1.0,7,0,0.0,0.0,0.0,2.0,Z01
201600034540,2.0,1,0,0.0,2.0,1.0,1.0,A01
201600022617,1.0,34,0,0.0,2.0,1.0,1.0,B02
201600039013,0.0,7,0,0.0,2.0,2.0,2.0,C01
201600007324,1.0,7,0,0.0,2.0,4.0,2.0,C03
201600045185,2.0,15,0,0.0,2.0,5.0,1.0,B01
201600056801,0.0,7,0,0.0,2.0,3.0,1.0,B01
201600006866,1.0,33,0,2.0,0.0,3.0,14.0,A01
201600033607,1.0,7,0,0.0,2.0,4.0,1.0,B01
201600012657,2.0,7,0,0.0,2.0,3.0,1.0,B02
201600011409,2.0,33,0,8.0,0.0,1.0,17.0,A01
201600032560,1.0,7,0,0.0,2.0,6.0,1.0,A01
201600055406,2.0,32,0,1.0,2.0,7.0,17.0,B01
201600035139,1.0,7,0,0.0,1.0,0.0,0.0,A01
201600043968,0.0,32,0,0.0,2.0,1.0,2.0,A01
201600056763,1.0,7,0,0.0,2.0,7.0,1.0,B01
201600053178,0.0,32,0,0.0,0.0,0.0,21.0,A01
201600033140,2.0,32,0,0.0,2.0,2.0,1.0,A01
201600049857,2.0,10,0,0.0,2.0,4.0,2.0,C01
201600014397,2.0,7,0,0.0,2.0,1.0,1.0,C01
201600049286,2.0,33,0,0.0,2.0,4.0,0.0,A01
201600016026,2.0,7,0,0.0,2.0,4.0,2.0,C01
201600044343,1.0,7,0,0.0,2.0,4.0,2.0,A01
201600026031,1.0,7,0,0.0,2.0,4.0,2.0,C01
201600006170,2.0,7,0,0.0,2.0,1.0,1.0,B02
201600014780,1.0,7,0,0.0,2.0,3.0,1.0,B01
201600048585,2.0,1,0,0.0,2.0,1.0,0.0,B01
201600000407,1.0,7,0,0.0,2.0,6.0,1.0,B02
201600035712,2.0,7,0,1.0,2.0,1.0,1.0,A01
201600056475,2.0,33,0,8.0,2.0,1.0,1.0,C01
201600016236,0.0,7,0,0.0,2.0,6.0,9.0,B01
201600004912,2.0,33,0,0.0,2.0,1.0,1.0,B02
201600052429,2.0,34,0,0.0,2.0,5.0,1.0,A01
201600009726,1.0,10,0,0.0,2.0,2.0,0.0,B02
201600006985,2.0,33,0,0.0,2.0,1.0,1.0,B02
201600003410,1.0,37,40,8.0,1.0,3.0,15.0,A01
201600023697,1.0,10,0,0.0,2.0,3.0,1.0,A01
201600003498,1.0,7,0,0.0,2.0,1.0,15.0,B02
201600023924,1.0,2,0,0.0,2.0,1.0,1.0,A01
201600021534,1.0,7,0,0.0,2.0,3.0,1.0,A01
201600036178,2.0,33,0,13.0,0.0,0.0,2.0,A01
201600020969,1.0,7,0,0.0,2.0,4.0,1.0,B01
201600005395,2.0,1,0,0.0,0.0,1.0,2.0,A01
201600053487,1.0,30,0,0.0,2.0,3.0,1.0,B01
201600035701,2.0,1,0,0.0,2.0,1.0,1.0,B01
201600049685,2.0,15,0,0.0,0.0,4.0,0.0,A01
201600054208,2.0,2,0,0.0,0.0,0.0,1.0,A01
201600034827,1.0,2,0,0.0,2.0,1.0,5.0,A01
201600029465,1.0,7,0,0.0,2.0,1.0,1.0,B02
201600035882,2.0,7,0,0.0,2.0,4.0,2.0,C01
201600033744,2.0,7,0,0.0,2.0,8.0,15.0,A01
201600048153,2.0,10,0,0.0,0.0,1.0,1.0,A01
201600034678,2.0,20,0,0.0,2.0,1.0,1.0,A01
201600038288,0.0,34,0,0.0,0.0,0.0,0.0,A01
201600054285,2.0,7,0,0.0,2.0,1.0,1.0,A01
201600055307,1.0,33,0,0.0,2.0,1.0,1.0,B01
201600004950,2.0,1,0,0.0,2.0,7.0,1.0,B01
201600028556,2.0,1,0,0.0,0.0,0.0,0.0,B01
201600052896,1.0,37,0,0.0,1.0,5.0,1.0,A01
201600034557,2.0,37,0,0.0,2.0,3.0,21.0,B01
201600038747,0.0,2,0,0.0,2.0,7.0,1.0,B01
201600036412,0.0,37,0,0.0,1.0,1.0,2.0,A01
201600033737,0.0,7,0,0.0,2.0,3.0,15.0,B01
201600018391,0.0,17,0,0.0,1.0,2.0,1.0,A01
201600023155,1.0,7,0,0.0,2.0,1.0,1.0,A01
201600036046,2.0,1,0,12.0,0.0,1.0,1.0,A01
201600016367,1.0,7,0,0.0,2.0,4.0,4.0,A01
201600000549,0.0,7,0,0.0,2.0,2.0,1.0,A01
201600030542,0.0,7,0,0.0,2.0,4.0,1.0,B01
201600020385,,7,0,0.0,2.0,1.0,1.0,B01
201600018696,1.0,33,0,0.0,2.0,1.0,17.0,A01
201600007784,1.0,7,0,0.0,2.0,2.0,21.0,A01
201600010162,0.0,7,0,6.0,0.0,1.0,1.0,A01
201600032248,1.0,7,0,6.0,0.0,9.0,0.0,A01
201600029415,1.0,7,0,0.0,2.0,6.0,23.0,B01
201600026930,0.0,40,10,0.0,2.0,0.0,0.0,B01
201600025711,0.0,7,0,0.0,2.0,3.0,0.0,B01
201600012239,1.0,7,0,0.0,2.0,2.0,1.0,B02
201600021637,1.0,7,0,0.0,2.0,1.0,13.0,A01
201600004404,1.0,7,0,8.0,0.0,1.0,1.0,A01
201600002975,2.0,7,0,0.0,2.0,1.0,1.0,B02
201600045210,2.0,7,0,0.0,2.0,8.0,11.0,A01
201600017055,2.0,7,0,0.0,2.0,1.0,0.0,B02
201600020757,1.0,30,0,0.0,2.0,1.0,1.0,B01
201600002473,1.0,7,0,0.0,0.0,0.0,1.0,B28
201600045812,2.0,34,0,0.0,2.0,3.0,3.0,B01
201600028479,1.0,7,0,0.0,2.0,4.0,23.0,C01
201600009306,1.0,7,0,0.0,2.0,1.0,1.0,B02
201600019750,1.0,30,0,0.0,0.0,7.0,1.0,A01
201600056684,1.0,34,0,0.0,2.0,3.0,1.0,B01
201600054278,2.0,7,0,0.0,2.0,2.0,1.0,B01
201600027532,0.0,7,0,0.0,2.0,2.0,1.0,A01
201600020238,2.0,7,0,0.0,0.0,0.0,0.0,A01
201600015100,2.0,7,0,0.0,2.0,7.0,12.0,A01
201600026253,1.0,7,0,0.0,2.0,1.0,0.0,A01
201600015161,2.0,32,0,0.0,2.0,1.0,5.0,A01
201600038925,0.0,7,0,0.0,1.0,1.0,0.0,A01
201600034687,2.0,2,0,9.0,0.0,1.0,0.0,A01
201600023286,1.0,7,0,0.0,1.0,1.0,15.0,A01
201600012741,2.0,7,0,2.0,0.0,8.0,14.0,A01
201600042928,2.0,33,0,0.0,2.0,4.0,0.0,B01
201600059233,2.0,10,0,0.0,1.0,3.0,1.0,A01
201600036331,1.0,3,0,0.0,2.0,1.0,0.0,A01
201600000412,1.0,2,0,0.0,0.0,1.0,1.0,B02
201600007213,0.0,31,0,2.0,0.0,1.0,1.0,A01
201600007512,1.0,7,0,0.0,2.0,3.0,15.0,B02
201600050243,2.0,7,0,0.0,2.0,0.0,0.0,B01
201600000965,2.0,7,0,6.0,0.0,3.0,1.0,A01
201600005066,1.0,7,0,0.0,2.0,3.0,9.0,A01
201600052173,0.0,31,0,14.0,0.0,4.0,14.0,A01
201600005793,1.0,33,0,0.0,2.0,2.0,1.0,B02
201600001138,1.0,7,0,0.0,2.0,1.0,1.0,A01
201600009734,1.0,15,0,0.0,0.0,0.0,1.0,B02
201600051180,2.0,7,0,0.0,2.0,5.0,16.0,B01
201600055941,1.0,2,0,0.0,2.0,1.0,1.0,B01
201600026668,1.0,7,0,0.0,0.0,0.0,0.0,B01
201600000875,2.0,33,0,0.0,2.0,3.0,3.0,B02
201600025668,1.0,7,0,1.0,0.0,1.0,19.0,A01
201600041820,0.0,7,0,8.0,0.0,1.0,15.0,A01
201600029088,1.0,10,0,0.0,2.0,3.0,19.0,A01
201600050873,2.0,7,0,0.0,2.0,1.0,2.0,C01
201600034035,0.0,7,0,0.0,2.0,4.0,1.0,B01
201600023073,0.0,7,0,0.0,2.0,2.0,9.0,A01
201600019877,1.0,33,0,0.0,2.0,5.0,14.0,A01
201600027330,2.0,7,0,0.0,2.0,6.0,23.0,B01
201600054706,1.0,7,0,0.0,2.0,2.0,15.0,A01
201600043496,0.0,7,0,0.0,1.0,1.0,2.0,A01
201600058696,0.0,7,0,0.0,2.0,1.0,2.0,B01
201600029581,1.0,10,0,0.0,2.0,1.0,2.0,A01
201600019743,2.0,30,0,16.0,0.0,3.0,1.0,A01
201600044058,1.0,7,0,0.0,2.0,1.0,1.0,A01
201600030085,2.0,7,0,0.0,2.0,7.0,15.0,A01
201600032352,1.0,7,0,0.0,2.0,2.0,16.0,A01
201600046270,1.0,7,0,0.0,2.0,1.0,2.0,A01
201600038788,0.0,7,0,1.0,2.0,4.0,1.0,B01
201600030208,1.0,7,0,0.0,1.0,2.0,1.0,A01
201600024226,0.0,30,0,0.0,0.0,7.0,1.0,B01
201600055611,2.0,7,0,1.0,2.0,3.0,22.0,A01
201600012578,1.0,7,0,3.0,0.0,1.0,14.0,A01
201600047664,1.0,33,0,16.0,0.0,7.0,1.0,A01
201600041872,1.0,7,0,0.0,1.0,1.0,1.0,A01
201600034895,0.0,7,0,0.0,1.0,0.0,0.0,A01
201600004883,0.0,99,0,0.0,0.0,4.0,0.0,B02
201600010725,2.0,7,0,12.0,0.0,2.0,14.0,A01
201600053917,1.0,7,0,0.0,2.0,1.0,1.0,A01
201600033034,1.0,7,0,0.0,2.0,2.0,15.0,A01
201600020910,1.0,10,0,0.0,2.0,1.0,1.0,A01
201600053381,1.0,7,0,0.0,2.0,6.0,22.0,A01
201600058345,1.0,1,0,0.0,2.0,1.0,9.0,A01
201600032293,1.0,38,0,0.0,2.0,0.0,1.0,B01
201600015287,2.0,40,0,0.0,1.0,1.0,1.0,A01
201600027161,0.0,7,0,0.0,2.0,1.0,1.0,C01
201600037197,0.0,7,0,0.0,2.0,2.0,1.0,A01
201600022876,0.0,7,0,0.0,2.0,1.0,1.0,A01
201600047572,2.0,33,0,0.0,2.0,2.0,3.0,B01
201600041714,0.0,7,0,0.0,1.0,3.0,10.0,A01
201600052501,2.0,1,0,0.0,2.0,1.0,1.0,B01
201600013993,1.0,30,0,0.0,1.0,1.0,2.0,A01
201600027226,1.0,33,0,0.0,2.0,7.0,17.0,B01
201600042733,0.0,7,0,0.0,0.0,5.0,11.0,A01
201600036416,0.0,7,0,1.0,0.0,2.0,2.0,A01
201600011078,2.0,7,0,0.0,9.0,6.0,15.0,B01
201600003469,1.0,7,0,0.0,2.0,2.0,1.0,A01
201600019631,1.0,7,0,0.0,2.0,6.0,1.0,B02
201600045296,1.0,7,0,0.0,2.0,2.0,12.0,A01
201600019333,1.0,33,0,0.0,2.0,1.0,1.0,A01
201600035673,1.0,37,0,0.0,1.0,5.0,1.0,A01
201600031867,1.0,7,0,0.0,2.0,4.0,2.0,C01
201600029166,0.0,2,0,16.0,0.0,0.0,0.0,A01
201600009956,1.0,15,0,0.0,2.0,4.0,2.0,B02
201600051218,1.0,7,0,0.0,1.0,1.0,15.0,Z01
201600043214,1.0,7,0,0.0,2.0,2.0,9.0,B02
201600027695,0.0,31,0,0.0,0.0,0.0,0.0,A01
201600046992,2.0,7,0,0.0,2.0,4.0,0.0,B01
201600029079,1.0,7,0,0.0,2.0,3.0,13.0,A01
201600011433,2.0,7,0,0.0,2.0,5.0,1.0,B01
201600048222,1.0,7,0,0.0,2.0,8.0,0.0,A01
201600043373,0.0,32,0,0.0,2.0,0.0,0.0,B01
201600030184,2.0,15,0,0.0,9.0,7.0,2.0,A01
201600051835,1.0,1,0,0.0,2.0,1.0,1.0,A01
201600046487,2.0,7,0,0.0,2.0,5.0,1.0,B01
201600051605,1.0,1,0,0.0,2.0,1.0,1.0,B01
201600053531,1.0,7,0,0.0,2.0,3.0,15.0,A01
201600016347,1.0,7,0,0.0,2.0,0.0,0.0,B01
201600037712,1.0,10,0,0.0,2.0,8.0,1.0,A01
201600035392,2.0,7,0,0.0,2.0,2.0,15.0,A01
201600030154,0.0,32,0,0.0,2.0,1.0,3.0,A01
201600025274,0.0,1,0,0.0,2.0,1.0,1.0,B01
201600012758,1.0,33,0,0.0,2.0,1.0,1.0,C03
201600022832,0.0,7,0,0.0,1.0,2.0,0.0,A01
201600052958,0.0,7,0,0.0,2.0,3.0,9.0,A01
201600019395,0.0,7,0,13.0,0.0,2.0,1.0,A01
201600041141,0.0,3,0,0.0,1.0,3.0,1.0,A01
201600037358,2.0,7,0,0.0,2.0,3.0,9.0,A01
201600021970,0.0,33,0,0.0,2.0,1.0,1.0,B01
201600011837,2.0,7,0,0.0,2.0,3.0,1.0,B02
201600007471,2.0,7,0,0.0,2.0,7.0,13.0,A01
201600028576,0.0,7,0,0.0,2.0,4.0,2.0,B01
201600028737,2.0,7,0,0.0,2.0,4.0,2.0,B01
201600039706,0.0,10,0,0.0,2.0,0.0,1.0,Z01
201600011428,1.0,7,0,0.0,1.0,3.0,1.0,A01
201600046133,1.0,7,0,0.0,2.0,0.0,0.0,C01
201600040583,0.0,7,0,0.0,0.0,4.0,2.0,B01
201600050233,1.0,15,0,0.0,2.0,2.0,2.0,A01
201600004161,1.0,7,0,8.0,0.0,5.0,19.0,A01
201600023397,1.0,33,0,6.0,2.0,4.0,23.0,B01
201600056628,1.0,10,0,0.0,2.0,2.0,1.0,A01
201600012032,2.0,7,0,0.0,0.0,4.0,23.0,A01
201600049491,1.0,7,0,0.0,0.0,1.0,1.0,A01
201600009567,1.0,10,0,0.0,2.0,2.0,17.0,A01
201600008991,1.0,33,0,0.0,2.0,1.0,1.0,B02
201600019544,0.0,7,0,7.0,1.0,1.0,1.0,A01
201600019317,1.0,7,0,0.0,2.0,2.0,15.0,A01
201600047689,2.0,34,0,0.0,2.0,1.0,3.0,A01
201600056107,1.0,30,0,0.0,2.0,1.0,15.0,A01
201600009439,2.0,7,0,0.0,2.0,1.0,2.0,A01
201600056260,0.0,7,0,0.0,2.0,0.0,2.0,Z01
201600040991,0.0,7,0,0.0,2.0,2.0,2.0,A01
201600042160,0.0,32,0,0.0,2.0,2.0,1.0,B01
201600027271,0.0,7,0,0.0,2.0,7.0,1.0,A01
201600014768,1.0,7,0,0.0,2.0,3.0,15.0,A01
201600031418,0.0,7,0,2.0,0.0,1.0,6.0,A01
201600029370,1.0,14,0,0.0,2.0,1.0,2.0,A01
201600040754,0.0,7,0,1.0,0.0,4.0,2.0,C01
201600033152,1.0,1,0,0.0,2.0,6.0,19.0,B01
201600013696,1.0,7,0,0.0,2.0,3.0,9.0,A01
201600025687,1.0,7,0,4.0,0.0,3.0,1.0,A01
201600002549,2.0,33,0,0.0,2.0,1.0,2.0,A01
201600008504,2.0,7,0,6.0,0.0,2.0,1.0,A01
201600047825,1.0,10,0,0.0,2.0,4.0,1.0,A01
201600008165,2.0,7,0,0.0,2.0,1.0,1.0,A01
201600047484,1.0,33,0,0.0,2.0,1.0,17.0,A01
201600007238,0.0,33,0,0.0,2.0,3.0,1.0,B02
201600049937,2.0,7,0,0.0,0.0,4.0,0.0,C01
201600041862,1.0,3,0,0.0,0.0,6.0,0.0,B01
201600010750,2.0,31,0,0.0,2.0,6.0,16.0,B01
201600002679,2.0,7,0,0.0,0.0,2.0,15.0,B02
201600011710,1.0,7,0,0.0,2.0,2.0,1.0,B02
201600001501,0.0,7,0,0.0,2.0,1.0,1.0,B02
201600040767,0.0,7,0,0.0,2.0,0.0,0.0,A01
201600010312,1.0,33,0,14.0,0.0,1.0,1.0,A01
201600016440,0.0,7,0,0.0,2.0,4.0,4.0,A01
201600049914,1.0,7,0,0.0,0.0,1.0,0.0,A01
201600032207,1.0,7,0,0.0,2.0,3.0,1.0,B02
201600034759,1.0,31,0,0.0,2.0,1.0,2.0,A01
201600002828,2.0,7,0,0.0,0.0,7.0,19.0,B02
201600036778,0.0,7,0,0.0,2.0,6.0,9.0,A01
201600003774,2.0,7,0,4.0,0.0,9.0,1.0,A01
201600001705,2.0,7,0,0.0,2.0,1.0,0.0,A01
201600018997,2.0,7,0,0.0,2.0,2.0,17.0,A01
201600044351,1.0,7,0,0.0,2.0,1.0,1.0,A01
201600008812,2.0,31,0,0.0,0.0,0.0,1.0,A01
201600033546,1.0,7,0,0.0,2.0,2.0,17.0,A01
201600046605,1.0,33,0,0.0,2.0,2.0,3.0,A01
201600024001,2.0,33,0,0.0,2.0,1.0,1.0,A01
201600018319,0.0,7,0,0.0,2.0,5.0,17.0,A01
201600000585,2.0,2,0,0.0,2.0,1.0,13.0,A01
201600013633,1.0,7,0,0.0,1.0,2.0,1.0,A01
201600002257,1.0,1,0,0.0,2.0,8.0,1.0,B02
201600002092,1.0,33,0,2.0,0.0,1.0,1.0,A01
201600050271,2.0,10,0,0.0,2.0,4.0,2.0,B01
201600048471,2.0,32,0,0.0,2.0,8.0,1.0,A01
201600039136,2.0,34,0,0.0,2.0,1.0,12.0,A01
201600014701,1.0,30,0,0.0,2.0,1.0,2.0,A01
201600050975,1.0,7,0,4.0,0.0,3.0,13.0,A01
201600034977,0.0,33,0,0.0,2.0,1.0,0.0,A01
201600030582,1.0,3,0,0.0,2.0,1.0,2.0,A01
201600002474,0.0,7,0,0.0,0.0,0.0,1.0,A01
201600043823,0.0,2,0,0.0,1.0,0.0,1.0,A01
201600025710,0.0,7,0,6.0,0.0,1.0,13.0,A01
201600036475,0.0,7,0,0.0,2.0,3.0,1.0,A01
201600018347,1.0,7,0,8.0,0.0,2.0,14.0,A01
201600059135,2.0,7,0,0.0,2.0,1.0,2.0,G02
201600045155,2.0,13,0,0.0,2.0,2.0,12.0,A01
201600028134,1.0,7,0,0.0,1.0,2.0,15.0,A01
201600040936,0.0,7,0,0.0,1.0,7.0,0.0,A01
201600031788,0.0,7,0,0.0,2.0,2.0,1.0,B01
201600016416,2.0,7,0,0.0,2.0,8.0,10.0,A01
201600022422,1.0,34,0,0.0,2.0,1.0,1.0,B01
201600022004,1.0,33,0,15.0,1.0,1.0,17.0,A01
201600042754,1.0,7,0,0.0,2.0,1.0,1.0,A01
201600001078,2.0,7,0,0.0,1.0,2.0,1.0,A01
201600037209,0.0,30,0,0.0,2.0,1.0,2.0,B01
201600048711,2.0,7,0,0.0,2.0,2.0,16.0,B01
201600045184,1.0,7,0,0.0,0.0,5.0,1.0,A01
201600040831,1.0,3,0,0.0,2.0,6.0,0.0,B01
201600000707,0.0,7,0,8.0,0.0,1.0,1.0,A01
201600032374,1.0,7,0,0.0,2.0,1.0,9.0,A01
201600022943,0.0,7,0,0.0,2.0,1.0,1.0,C01
201600000696,0.0,33,0,0.0,0.0,0.0,0.0,A01
201600041287,0.0,7,0,0.0,1.0,2.0,0.0,A01
201600050369,2.0,33,0,0.0,2.0,7.0,3.0,B01
201600034962,0.0,10,0,0.0,2.0,5.0,0.0,A01
201600033496,0.0,7,0,0.0,1.0,3.0,1.0,A01
201600004590,0.0,17,0,0.0,0.0,7.0,0.0,A01
201600032492,1.0,7,0,1.0,0.0,2.0,1.0,A01
201600027121,0.0,2,0,0.0,2.0,1.0,18.0,A01
201600026070,1.0,30,0,0.0,2.0,5.0,1.0,B01
201600055564,1.0,7,0,0.0,2.0,2.0,16.0,A01
201600023212,2.0,1,0,0.0,2.0,1.0,1.0,B01
201600044150,2.0,7,0,0.0,2.0,1.0,1.0,A01
201600026174,1.0,33,0,0.0,2.0,7.0,9.0,B01
201600048861,1.0,7,0,0.0,2.0,7.0,1.0,B01
201600003833,2.0,7,0,0.0,2.0,8.0,1.0,C03
201600001139,0.0,2,0,0.0,2.0,1.0,15.0,A01
201600023741,1.0,7,0,0.0,0.0,5.0,15.0,A01
201600007879,2.0,7,0,0.0,2.0,4.0,2.0,B02
201600018774,0.0,7,0,0.0,2.0,8.0,19.0,B02
201600046437,2.0,7,0,0.0,2.0,1.0,2.0,A01