Num_Acc,senc,catv,occutc,obs,obsm,choc,manv,num_veh
201600054570,1.0,7,0,0.0,2.0,3.0,1.0,A01
201600032433,1.0,7,0,0.0,2.0,2.0,1.0,A01
201600006692,1.0,7,0,0.0,2.0,7.0,15.0,A01
201600017378,0.0,7,0,0.0,2.0,7.0,19.0,A01
201600007172,1.0,30,0,0.0,0.0,6.0,9.0,A01
201600057981,1.0,14,0,0.0,2.0,0.0,16.0,A01
201600022406,0.0,7,0,0.0,2.0,3.0,1.0,B01
201600045332,2.0,7,0,4.0,0.0,3.0,13.0,A01
201600001188,2.0,2,0,0.0,2.0,1.0,19.0,B02
201600016201,1.0,7,0,0.0,2.0,3.0,2.0,B01
201600039834,0.0,7,0,0.0,0.0,1.0,0.0,A01
201600033403,0.0,7,0,0.0,2.0,2.0,1.0,A01
201600013460,1.0,10,0,12.0,0.0,1.0,1.0,A01
201600033885,0.0,10,0,0.0,1.0,5.0,4.0,A01
201600039771,0.0,7,0,0.0,2.0,1.0,0.0,B01
201600036611,0.0,10,0,0.0,2.0,1.0,1.0,A01
201600010058,0.0,7,0,0.0,2.0,1.0,1.0,B02
201600056374,1.0,32,0,0.0,0.0,0.0,1.0,A01
201600037389,1.0,7,0,8.0,2.0,1.0,1.0,A01
201600042835,1.0,7,0,0.0,2.0,3.0,0.0,B01
201600031658,0.0,2,0,0.0,2.0,7.0,1.0,B01
201600019060,1.0,7,0,0.0,2.0,7.0,1.0,A01
201600059185,1.0,7,0,0.0,2.0,3.0,0.0,A01
201600013455,1.0,32,0,0.0,1.0,2.0,0.0,A01
201600057623,2.0,1,0,0.0,0.0,4.0,2.0,B02
201600037089,0.0,33,0,0.0,2.0,2.0,5.0,B01
201600041318,0.0,7,0,0.0,2.0,7.0,1.0,B01
201600023703,1.0,7,0,0.0,0.0,3.0,1.0,B01
201600004640,1.0,7,0,0.0,2.0,1.0,13.0,B02
201600009565,0.0,7,0,8.0,2.0,1.0,15.0,B02
201600005943,1.0,7,0,0.0,2.0,7.0,9.0,A02
201600054245,2.0,1,0,1.0,2.0,1.0,1.0,B01
201600047688,1.0,7,0,0.0,2.0,1.0,2.0,E01
201600011699,2.0,33,0,0.0,2.0,1.0,2.0,A01
201600008780,2.0,33,0,6.0,0.0,1.0,1.0,B02
201600016532,0.0,7,0,0.0,0.0,4.0,1.0,B01
201600010833,1.0,33,0,0.0,2.0,8.0,1.0,C01
201600021759,1.0,30,0,0.0,2.0,8.0,1.0,A01
201600055953,1.0,33,0,0.0,2.0,1.0,1.0,B01
201600004154,2.0,7,0,0.0,2.0,3.0,1.0,B02
201600048126,1.0,7,0,0.0,2.0,4.0,2.0,D01
201600009268,2.0,7,0,0.0,2.0,1.0,1.0,B02
201600038085,1.0,7,0,0.0,1.0,3.0,15.0,A01
201600024743,2.0,7,0,0.0,2.0,5.0,15.0,A01
201600025146,2.0,7,0,0.0,2.0,0.0,0.0,A01
201600001965,2.0,7,0,0.0,2.0,1.0,1.0,A01
201600034248,2.0,3,0,0.0,2.0,1.0,2.0,A01
201600057960,2.0,10,0,0.0,0.0,1.0,23.0,A01
201600046831,1.0,33,0,0.0,2.0,8.0,0.0,B01
201600051470,0.0,2,0,0.0,2.0,8.0,18.0,A01
201600050104,1.0,7,0,0.0,2.0,5.0,13.0,A01
201600057104,2.0,7,0,0.0,2.0,8.0,12.0,B01
201600054509,1.0,7,0,0.0,2.0,4.0,2.0,B01
201600021227,2.0,7,0,0.0,2.0,3.0,15.0,A01
201600046921,1.0,7,0,0.0,2.0,6.0,1.0,C01
201600058217,0.0,7,0,0.0,2.0,3.0,1.0,B01
201600040348,2.0,7,0,0.0,2.0,1.0,11.0,B01
201600017622,2.0,33,0,0.0,0.0,3.0,21.0,A01
201600006563,1.0,7,0,0.0,2.0,5.0,23.0,B02
201600002010,0.0,33,0,0.0,2.0,1.0,1.0,A01
201600026720,1.0,30,0,0.0,2.0,8.0,1.0,B01
201600043164,0.0,7,0,0.0,0.0,4.0,2.0,B01
201600009636,1.0,7,0,2.0,0.0,7.0,13.0,A01
201600052606,1.0,7,0,0.0,2.0,8.0,15.0,A01
201600047474,2.0,10,0,0.0,2.0,1.0,1.0,A01
201600030702,2.0,7,0,0.0,2.0,6.0,10.0,A01
201600007159,0.0,30,0,0.0,2.0,1.0,1.0,B02
201600024736,2.0,7,0,0.0,2.0,1.0,1.0,B01
201600046658,0.0,7,0,0.0,2.0,1.0,1.0,B01
201600052565,2.0,7,0,0.0,2.0,1.0,1.0,A01
201600058659,1.0,2,0,0.0,0.0,0.0,2.0,C01
201600043581,0.0,7,0,0.0,2.0,7.0,17.0,A01
201600045036,1.0,15,0,0.0,2.0,1.0,2.0,C01
201600013899,2.0,30,0,0.0,2.0,1.0,0.0,B01
201600037093,1.0,7,0,0.0,2.0,3.0,19.0,A01
201600051489,1.0,7,0,0.0,2.0,2.0,1.0,A01
201600044735,2.0,33,0,0.0,2.0,1.0,3.0,A01
201600006071,1.0,33,0,12.0,0.0,1.0,1.0,A01
201600057377,2.0,10,0,0.0,2.0,1.0,2.0,A01
201600051331,2.0,7,0,0.0,1.0,1.0,1.0,A01
201600018306,2.0,7,0,2.0,2.0,1.0,1.0,B02
201600034301,2.0,31,0,0.0,1.0,1.0,1.0,A01
201600043335,0.0,7,0,0.0,2.0,2.0,10.0,A01
201600028943,2.0,1,0,0.0,2.0,0.0,21.0,B01
201600005807,2.0,7,0,4.0,0.0,3.0,1.0,A01
201600023134,1.0,7,0,0.0,2.0,2.0,12.0,A01
201600025296,0.0,7,0,0.0,2.0,2.0,9.0,B01
201600049903,1.0,7,0,0.0,0.0,5.0,0.0,C01
201600024085,1.0,31,0,0.0,2.0,1.0,5.0,A01
201600041807,0.0,2,0,0.0,2.0,1.0,13.0,B01
201600023277,0.0,15,0,0.0,2.0,4.0,1.0,B01
201600014076,1.0,31,0,0.0,2.0,0.0,1.0,B01
201600009383,1.0,33,0,0.0,2.0,3.0,1.0,A01
201600042414,0.0,7,0,0.0,2.0,0.0,0.0,A01
201600014914,1.0,7,0,0.0,2.0,4.0,1.0,A01
201600058356,2.0,7,0,4.0,0.0,3.0,13.0,A01
201600045137,2.0,10,0,0.0,2.0,6.0,11.0,A01
201600018640,1.0,10,0,2.0,0.0,3.0,1.0,A01
201600052962,2.0,7,0,0.0,1.0,1.0,15.0,A01
201600049175,2.0,7,0,0.0,1.0,5.0,4.0,A01
201600047908,2.0,10,0,0.0,2.0,8.0,11.0,B01
201600019270,1.0,7,0,0.0,2.0,2.0,13.0,A01
201600016008,1.0,33,0,0.0,0.0,0.0,0.0,Z01
201600046535,1.0,7,0,0.0,2.0,2.0,2.0,B01
201600015469,2.0,32,0,15.0,2.0,3.0,17.0,A01
201600045785,1.0,15,0,0.0,2.0,3.0,0.0,A01
201600007263,1.0,7,0,0.0,0.0,0.0,1.0,A01
201600024901,2.0,30,0,0.0,2.0,1.0,2.0,A01
201600007870,1.0,7,0,0.0,2.0,1.0,0.0,H08
201600038935,0.0,7,0,1.0,0.0,2.0,1.0,A01
201600047628,1.0,7,0,0.0,2.0,6.0,9.0,A01
201600043832,0.0,7,0,0.0,1.0,3.0,1.0,A01
201600033126,1.0,7,0,0.0,9.0,5.0,15.0,B01
201600023724,1.0,7,0,1.0,1.0,3.0,1.0,A01
201600053898,2.0,10,0,0.0,2.0,1.0,23.0,B01
201600007354,2.0,2,0,0.0,2.0,1.0,2.0,C03
201600012062,2.0,7,0,0.0,2.0,1.0,1.0,B02
201600008925,2.0,33,0,0.0,2.0,1.0,1.0,A01
201600020007,2.0,7,0,0.0,2.0,8.0,0.0,A01
201600017648,2.0,7,0,0.0,2.0,3.0,9.0,A01
201600010518,1.0,32,0,0.0,2.0,1.0,0.0,B01
201600045295,2.0,7,0,0.0,2.0,2.0,1.0,B01
201600053033,2.0,33,0,0.0,2.0,8.0,1.0,B01
201600015517,1.0,30,0,0.0,2.0,3.0,1.0,B01
201600001333,1.0,33,0,0.0,2.0,1.0,13.0,A01
201600036963,1.0,7,0,0.0,2.0,4.0,2.0,B01
201600057715,0.0,34,0,14.0,0.0,1.0,1.0,A01
201600039893,2.0,7,0,0.0,2.0,3.0,1.0,A01
201600003068,0.0,2,0,0.0,2.0,1.0,1.0,B02
201600024697,2.0,7,0,0.0,2.0,1.0,13.0,A01
201600008220,2.0,33,0,0.0,0.0,1.0,1.0,C03
201600045498,2.0,7,0,0.0,2.0,1.0,1.0,A01
201600050768,2.0,10,0,0.0,2.0,4.0,2.0,B01
201600033143,1.0,32,0,0.0,2.0,1.0,1.0,A01
201600008584,0.0,7,0,0.0,2.0,1.0,1.0,A01
201600015902,1.0,34,0,0.0,2.0,1.0,1.0,B01
201600008766,0.0,7,0,2.0,0.0,1.0,1.0,A01
201600030077,0.0,7,0,0.0,2.0,1.0,1.0,B01
201600057815,2.0,7,0,0.0,2.0,3.0,1.0,C03
201600046595,1.0,7,0,0.0,2.0,7.0,1.0,C01
201600022246,0.0,1,0,0.0,2.0,8.0,19.0,B02
201600045065,2.0,33,0,0.0,2.0,8.0,1.0,B01
201600049760,1.0,7,0,0.0,2.0,1.0,1.0,E01
201600044988,1.0,7,0,0.0,2.0,9.0,23.0,D01
201600014998,1.0,7,0,0.0,2.0,4.0,0.0,B01
201600017093,2.0,33,0,0.0,2.0,8.0,1.0,B02
201600033050,1.0,30,0,0.0,2.0,8.0,19.0,B01
201600005328,1.0,7,0,0.0,9.0,3.0,1.0,B02
201600011467,2.0,7,0,0.0,2.0,5.0,2.0,B01
201600057399,2.0,7,0,0.0,2.0,4.0,23.0,B01
201600012995,2.0,7,0,4.0,0.0,3.0,1.0,A01
201600003278,2.0,33,0,0.0,6.0,1.0,1.0,A01
201600015971,2.0,30,0,0.0,2.0,1.0,1.0,A01
201600005370,2.0,10,0,0.0,2.0,3.0,1.0,B02
201600008112,2.0,33,0,0.0,2.0,2.0,1.0,B02
201600024989,1.0,31,0,0.0,2.0,2.0,1.0,B01
201600003946,2.0,10,0,0.0,2.0,1.0,1.0,B01
201600007839,1.0,7,0,0.0,2.0,2.0,1.0,B02
201600035321,1.0,7,0,0.0,2.0,5.0,0.0,A01
201600036503,2.0,7,0,0.0,2.0,8.0,1.0,B01
201600046253,2.0,7,0,0.0,2.0,2.0,1.0,B01
201600004483,1.0,7,0,0.0,0.0,7.0,19.0,A01
201600047431,1.0,33,0,0.0,2.0,7.0,1.0,B01
201600054734,2.0,7,0,0.0,1.0,4.0,20.0,A01
201600056322,0.0,2,0,0.0,2.0,7.0,1.0,A01
201600035264,1.0,7,0,0.0,2.0,3.0,15.0,A01
201600057874,1.0,7,0,0.0,2.0,2.0,12.0,A01
201600055966,2.0,2,0,0.0,0.0,8.0,1.0,A01
201600042284,1.0,2,0,0.0,2.0,2.0,17.0,B01
201600028806,1.0,7,0,0.0,1.0,1.0,16.0,A01
201600013142,2.0,7,0,0.0,0.0,4.0,2.0,D01
201600040356,0.0,34,0,0.0,1.0,1.0,0.0,Z01
201600022668,0.0,7,0,0.0,1.0,3.0,1.0,A01
201600047627,1.0,7,0,0.0,2.0,1.0,1.0,A01
201600039925,0.0,7,0,0.0,2.0,5.0,12.0,B01
201600036294,1.0,7,0,0.0,2.0,7.0,1.0,A01
201600044517,2.0,7,0,0.0,2.0,4.0,2.0,D01
201600043425,0.0,1,0,0.0,2.0,8.0,2.0,B01
201600030072,2.0,7,0,0.0,2.0,0.0,2.0,B01
201600048124,1.0,7,0,0.0,2.0,8.0,15.0,B01
201600043221,0.0,7,0,0.0,0.0,2.0,2.0,A01
201600022500,0.0,7,0,0.0,1.0,2.0,1.0,A01
201600058425,2.0,7,0,0.0,1.0,1.0,1.0,A01
201600000604,2.0,7,0,0.0,1.0,2.0,17.0,A01
201600002386,1.0,7,0,0.0,2.0,5.0,15.0,A01
201600026629,2.0,30,0,0.0,2.0,1.0,13.0,A01
201600056280,2.0,33,0,0.0,2.0,3.0,1.0,B01
201600004062,1.0,3,0,0.0,2.0,1.0,9.0,A01
201600046849,0.0,7,0,0.0,2.0,4.0,11.0,B01
201600018108,2.0,10,0,0.0,2.0,1.0,2.0,A01
201600046286,2.0,31,0,0.0,2.0,0.0,12.0,A01
201600040901,0.0,7,0,0.0,2.0,1.0,17.0,A01
201600044168,1.0,7,0,0.0,2.0,2.0,21.0,A01
201600044847,1.0,7,0,0.0,2.0,1.0,2.0,A01
201600042151,0.0,7,0,0.0,1.0,7.0,1.0,A01
201600013390,1.0,7,0,0.0,2.0,3.0,0.0,A01
201600024472,1.0,7,0,0.0,0.0,0.0,2.0,B02
201600029051,1.0,1,0,0.0,2.0,3.0,11.0,B01
201600025864,0.0,10,0,0.0,2.0,1.0,1.0,A01
201600018176,1.0,7,0,0.0,2.0,8.0,1.0,B02
201600032226,1.0,7,0,0.0,2.0,5.0,15.0,A01
201600022235,1.0,7,0,0.0,2.0,4.0,2.0,A01
201600000502,1.0,7,0,2.0,0.0,1.0,21.0,A01
201600027387,2.0,33,0,0.0,2.0,1.0,1.0,B01
201600013800,1.0,7,0,0.0,2.0,3.0,19.0,A01
201600045072,2.0,33,0,2.0,2.0,1.0,12.0,B01
201600034264,2.0,33,0,0.0,2.0,1.0,2.0,A01
201600027208,1.0,7,0,0.0,2.0,3.0,1.0,A01
201600000754,0.0,10,0,0.0,2.0,3.0,1.0,B02
201600036028,2.0,2,0,1.0,0.0,2.0,1.0,A01
201600045688,2.0,33,0,0.0,0.0,0.0,0.0,A01
201600042175,0.0,7,0,8.0,2.0,3.0,16.0,A01
201600045022,2.0,7,0,0.0,2.0,4.0,1.0,C01
201600044703,1.0,7,0,13.0,0.0,2.0,14.0,A01
201600014145,2.0,7,0,0.0,2.0,8.0,13.0,A01
201600012412,2.0,7,0,0.0,0.0,9.0,1.0,A01
201600057174,2.0,33,0,0.0,2.0,2.0,3.0,A01
201600034715,2.0,31,0,0.0,2.0,0.0,1.0,B01
201600038889,1.0,7,0,0.0,2.0,5.0,1.0,A01
201600035717,1.0,7,0,0.0,2.0,1.0,1.0,A01
201600051934,1.0,7,0,0.0,1.0,2.0,15.0,A01
201600035394,2.0,7,0,0.0,2.0,4.0,1.0,C01
201600037556,0.0,7,0,0.0,1.0,1.0,1.0,A01
201600033914,0.0,7,0,0.0,1.0,1.0,0.0,Z01
201600001835,2.0,7,0,0.0,0.0,4.0,0.0,B02
201600048812,1.0,7,0,0.0,2.0,4.0,2.0,C01
201600027913,1.0,7,0,0.0,1.0,1.0,1.0,A01
201600054619,1.0,31,0,0.0,2.0,5.0,17.0,A01
201600007483,1.0,7,0,0.0,2.0,1.0,19.0,A01
201600005934,1.0,7,0,13.0,0.0,3.0,1.0,A01
201600047055,1.0,7,0,0.0,0.0,0.0,0.0,B01
201600036332,1.0,7,0,0.0,2.0,1.0,2.0,B01
201600033497,0.0,7,0,0.0,1.0,3.0,0.0,A01
201600013936,1.0,7,0,0.0,2.0,1.0,0.0,B01
201600044700,1.0,7,0,0.0,2.0,1.0,2.0,E01
201600019166,2.0,17,0,0.0,2.0,3.0,1.0,B02
201600010782,2.0,7,0,0.0,2.0,5.0,16.0,A01
201600007235,2.0,7,0,0.0,2.0,3.0,13.0,A01
201600014271,1.0,7,0,6.0,0.0,1.0,1.0,A01
201600050880,1.0,7,0,0.0,2.0,1.0,2.0,B01
201600015514,2.0,7,0,8.0,0.0,1.0,0.0,A01
201600049370,2.0,7,0,0.0,2.0,8.0,1.0,B01
201600030464,0.0,7,0,0.0,2.0,0.0,0.0,B01
201600046016,2.0,7,0,0.0,2.0,1.0,1.0,A01
201600009443,2.0,7,0,3.0,0.0,2.0,0.0,A01
201600016603,1.0,33,0,2.0,0.0,1.0,17.0,A01
201600025586,0.0,33,0,0.0,2.0,1.0,1.0,A01
201600033921,1.0,14,0,0.0,1.0,0.0,0.0,Z01
201600039769,0.0,7,0,0.0,0.0,1.0,6.0,A01
201600044881,2.0,33,0,0.0,2.0,1.0,11.0,A01
201600000949,2.0,7,0,0.0,2.0,6.0,11.0,A01
201600014582,2.0,33,0,0.0,2.0,8.0,2.0,B01
201600052818,1.0,7,0,0.0,1.0,4.0,20.0,A01
201600000435,1.0,33,0,0.0,0.0,8.0,1.0,A01
201600000535,2.0,15,0,0.0,2.0,2.0,1.0,B02
201600040680,0.0,7,0,0.0,0.0,4.0,4.0,A01
201600037674,0.0,10,0,0.0,2.0,7.0,0.0,B01
201600007601,0.0,7,0,0.0,0.0,9.0,14.0,A01
201600045816,2.0,7,0,0.0,2.0,7.0,12.0,B01
201600032785,1.0,7,0,0.0,2.0,2.0,15.0,A01
201600005050,0.0,7,0,0.0,1.0,7.0,1.0,A01
201600030486,1.0,7,0,0.0,2.0,6.0,16.0,A01
201600032051,1.0,7,0,0.0,2.0,4.0,2.0,B01
201600054911,2.0,33,0,0.0,2.0,1.0,17.0,B01
201600045102,2.0,7,0,4.0,0.0,0.0,0.0,A01
201600053638,0.0,31,0,0.0,2.0,2.0,1.0,B01
201600011072,1.0,7,0,0.0,2.0,4.0,1.0,B01
201600012470,1.0,7,0,0.0,0.0,4.0,0.0,B02
201600031696,0.0,7,0,0.0,2.0,1.0,15.0,A01
201600032490,1.0,7,0,0.0,2.0,3.0,1.0,B01
201600025510,0.0,7,0,8.0,0.0,1.0,1.0,A01
201600033322,1.0,7,0,0.0,1.0,1.0,1.0,A01
201600016720,1.0,7,0,0.0,2.0,0.0,19.0,A01
201600033842,0.0,7,0,0.0,2.0,7.0,1.0,B01
201600051427,2.0,7,0,0.0,2.0,3.0,1.0,B01
201600055151,1.0,33,0,0.0,2.0,7.0,17.0,B01
201600056540,2.0,7,0,0.0,2.0,1.0,1.0,A01
201600012888,0.0,30,0,15.0,0.0,1.0,1.0,A01
201600017543,0.0,7,0,0.0,0.0,0.0,0.0,A01
201600042622,0.0,7,0,0.0,1.0,1.0,1.0,A01
201600036125,1.0,7,0,0.0,2.0,3.0,15.0,A01
201600054693,1.0,32,0,0.0,2.0,4.0,1.0,B01
201600043502,1.0,7,0,0.0,1.0,1.0,2.0,A01
201600015953,1.0,7,0,0.0,2.0,4.0,23.0,B01
201600022815,0.0,7,0,0.0,2.0,5.0,0.0,B01
201600013110,1.0,7,0,0.0,2.0,2.0,1.0,B01
201600000964,1.0,7,0,0.0,2.0,3.0,1.0,A01
201600031874,1.0,33,0,0.0,2.0,2.0,1.0,B01
201600048559,2.0,7,0,0.0,2.0,1.0,2.0,A01
201600044534,1.0,7,0,0.0,2.0,3.0,15.0,A01
201600052833,2.0,33,0,0.0,1.0,1.0,1.0,Z01
201600010089,0.0,7,0,0.0,2.0,1.0,1.0,A01
201600043044,0.0,10,0,0.0,2.0,2.0,16.0,A01
201600013401,1.0,7,0,0.0,1.0,0.0,0.0,A01
201600012853,2.0,7,0,0.0,2.0,8.0,1.0,B02
201600010987,0.0,7,0,0.0,2.0,2.0,2.0,A01
201600007018,2.0,7,0,0.0,0.0,1.0,1.0,A01
201600039279,0.0,7,0,0.0,2.0,1.0,2.0,B01
201600037037,0.0,37,4,0.0,2.0,2.0,7.0,A01
201600042505,1.0,7,0,0.0,2.0,7.0,12.0,A01
201600006968,0.0,14,0,0.0,2.0,2.0,0.0,B02
201600056731,2.0,34,0,0.0,2.0,0.0,1.0,B01
201600058601,0.0,2,0,0.0,2.0,7.0,17.0,B01
201600010853,2.0,34,0,0.0,2.0,3.0,17.0,A01
201600012725,2.0,33,0,14.0,0.0,1.0,1.0,B01
201600038045,0.0,7,0,0.0,2.0,1.0,15.0,A01
201600037147,1.0,31,0,0.0,2.0,4.0,1.0,B01
201600019281,0.0,1,0,0.0,2.0,1.0,0.0,B01
201600023145,2.0,7,0,0.0,2.0,1.0,1.0,B01
201600001337,2.0,7,0,0.0,2.0,2.0,1.0,A01
201600037183,0.0,33,0,0.0,2.0,1.0,1.0,B01
201600004806,0.0,7,0,0.0,1.0,3.0,1.0,A01
201600028974,1.0,7,0,0.0,2.0,1.0,2.0,Z01
201600017184,1.0,10,0,0.0,9.0,2.0,2.0,A01
201600043088,0.0,7,0,0.0,0.0,2.0,1.0,B01
201600052404,1.0,33,0,0.0,1.0,1.0,1.0,A01
201600018584,1.0,7,0,16.0,9.0,1.0,1.0,A01
201600048755,1.0,1,0,1.0,0.0,1.0,1.0,B01
201600056632,1.0,30,0,0.0,2.0,2.0,1.0,B01
201600004497,0.0,7,0,0.0,0.0,0.0,1.0,A01
201600033996,0.0,7,0,0.0,2.0,1.0,0.0,A01
201600029680,1.0,7,0,0.0,1.0,1.0,16.0,A01
201600011868,1.0,33,0,0.0,2.0,7.0,1.0,A01
201600001950,2.0,1,0,0.0,2.0,1.0,0.0,B02
201600043152,0.0,10,0,0.0,2.0,5.0,15.0,B01
201600005302,1.0,7,0,0.0,2.0,1.0,1.0,A01
201600023874,2.0,30,0,0.0,0.0,8.0,1.0,B01
201600002797,1.0,7,0,0.0,2.0,2.0,11.0,A01
201600038929,0.0,10,0,0.0,1.0,4.0,4.0,A01
201600053907,2.0,2,0,0.0,9.0,7.0,1.0,A01
201600021731,1.0,7,0,13.0,0.0,3.0,1.0,A01
201600055865,2.0,33,0,0.0,2.0,4.0,3.0,B01
201600009984,0.0,7,0,0.0,2.0,2.0,1.0,B02